clonotype_id,frequency,proportion,cdr3s_aa,cdr3s_nt
clonotype1,8,0.035555555555555556,IGK:CFQGSHVPRTF,IGK:TGCTTTCAAGGTTCACATGTTCCTCGGACGTTC
clonotype2,4,0.017777777777777778,IGH:CARGPHYGPMDYW;IGK:CQQTNSWPHYTF,IGH:TGTGCAAGAGGCCCTCACTATGGTCCTATGGACTACTGG;IGK:TGTCAACAGACTAACAGTTGGCCTCATTACACGTTC
clonotype3,3,0.013333333333333334,IGH:CATPTVVGRRYFDVW;IGK:CQQHYSTPWTF,IGH:TGTGCAACCCCTACGGTAGTAGGACGAAGGTACTTCGATGTCTGG;IGK:TGTCAGCAACATTATAGCACTCCGTGGACGTTC
clonotype4,3,0.013333333333333334,IGH:CARGDGLYYFDYW;IGK:CQQSNTWPYTF,IGH:TGTGCAAGAGGGGATGGTCTCTACTACTTTGACTACTGG;IGK:TGTCAACAAAGTAATACCTGGCCGTACACGTTC
clonotype5,3,0.013333333333333334,IGH:CARYDYAMDYW;IGK:CQQHNEYPYTF;IGK:CQQSNEDPYTF,IGH:TGTGCAAGATATGATTATGCTATGGACTACTGG;IGK:TGTCAACAGCATAATGAATACCCGTACACGTTC;IGK:TGTCAGCAAAGTAATGAGGATCCGTACACGTTC
clonotype6,3,0.013333333333333334,IGH:CARDGFAYW;IGK:CSQSTHVPRTF,IGH:TGTGCCAGAGATGGGTTTGCTTACTGG;IGK:TGCTCTCAAAGTACACATGTTCCTCGGACGTTC
clonotype7,3,0.013333333333333334,IGH:CARASYYAMDYW;IGL:CALWYSTHFVF,IGH:TGTGCAAGAGCCTCCTACTATGCTATGGACTACTGG;IGL:TGTGCTCTATGGTACAGCACCCATTTTGTTTTC
clonotype8,3,0.013333333333333334,IGH:CARAGLAGDAVDYW;IGK:CQHFWTTPYTF,IGH:TGTGCGAGAGCGGGCTTGGCAGGGGATGCTGTGGACTACTGG;IGK:TGTCAACATTTTTGGACTACTCCGTACACGTTC
clonotype9,2,0.008888888888888889,IGH:CAIDISGYVGAMDYW;IGK:CQQLVEYPYTF;IGK:CQQLYSTPYTF,IGH:TGTGCCATAGACATCTCGGGCTACGTTGGGGCTATGGACTACTGG;IGK:TGTCAACAACTTGTAGAGTATCCGTACACGTTC;IGK:TGTCAACAACTTTACAGTACTCCGTACACGTTC
clonotype10,2,0.008888888888888889,IGH:CTRDYGYPYAMDSW;IGK:CQHHYGTPYTF,IGH:TGTACCAGAGACTATGGTTACCCCTATGCTATGGACTCCTGG;IGK:TGTCAACATCATTATGGTACTCCGTACACGTTC
clonotype11,2,0.008888888888888889,IGH:CARHYRSYYFDYW;IGK:CQQHYSTPYTF,IGH:TGTGCAAGACACTATAGGTCGTACTACTTTGACTACTGG;IGK:TGTCAGCAACATTATAGCACTCCGTACACGTTC
clonotype12,2,0.008888888888888889,IGH:CVRGITRGSTWDYW;IGK:CQQHHSTPRTF,IGH:TGTGTAAGAGGGATTACGAGGGGGAGTACGTGGGACTACTGG;IGK:TGTCAGCAACATCATAGCACCCCTCGGACGTTC
clonotype13,2,0.008888888888888889,IGH:CARDRGNSAGFFAYW;IGK:CQQWSSNPPTF,IGH:TGTGCCAGAGATCGCGGTAACTCAGCAGGCTTTTTTGCTTACTGG;IGK:TGCCAGCAGTGGAGTAGTAACCCACCCACGTTC
clonotype14,2,0.008888888888888889,IGK:CSQSTHVWTF,IGK:TGCTCTCAAAGTACACATGTTTGGACGTTC
clonotype15,2,0.008888888888888889,IGH:CASMITTVSYSDYW;IGK:CQQYSGYPLTF,IGH:TGTGCTTCTATGATTACGACCGTGTCTTACTCTGACTACTGG;IGK:TGCCAGCAGTATAGTGGTTACCCACTCACGTTC
clonotype16,2,0.008888888888888889,IGH:CARGEIYYDYVDNW;IGH:CNVWGWLLDFDYW;IGK:CFQGSHAPRTF,IGH:TGTGCAAGGGGGGAGATCTACTATGATTACGTTGACAACTGG;IGH:TGTAATGTTTGGGGATGGTTACTCGACTTTGACTACTGG;IGK:TGCTTTCAAGGTTCACATGCTCCTCGGACGTTC
clonotype17,2,0.008888888888888889,IGK:CQHSWEIPYTF,IGK:TGTCAGCACAGTTGGGAGATTCCGTACACGTTC
clonotype18,2,0.008888888888888889,IGH:CNAYGSSWGYFDYW;IGK:CHQYLSSRTF,IGH:TGTAATGCTTACGGTAGTAGCTGGGGCTACTTTGACTACTGG;IGK:TGTCATCAATACCTCTCCTCGCGGACGTTC
clonotype19,2,0.008888888888888889,IGH:CVANFDYW;IGK:CLQVTHVPYTF,IGH:TGTGTGGCCAACTTTGACTACTGG;IGK:TGCCTCCAAGTTACACATGTCCCGTACACGTTC
clonotype20,2,0.008888888888888889,IGH:CARLGYYGTFAYW;IGK:CQQWNYPLITF,IGH:TGTGCAAGACTGGGCTACTATGGTACCTTTGCTTACTGG;IGK:TGCCAGCAGTGGAATTATCCTCTTATCACGTTC
clonotype21,2,0.008888888888888889,IGH:CARHGNIYFDYW;IGK:CQQGNTLPYTF,IGH:TGTGCAAGACACGGTAATATCTACTTTGACTACTGG;IGK:TGCCAACAGGGTAATACGCTTCCGTACACGTTC
clonotype22,2,0.008888888888888889,IGH:CARESTMITFAYW;IGK:CQQNNEDPRTF,IGH:TGTGCAAGAGAGTCTACTATGATTACCTTTGCTTACTGG;IGK:TGTCAGCAAAATAATGAGGATCCTCGGACGTTC
clonotype23,2,0.008888888888888889,IGH:CARDPYGNFYFDYW;IGK:CQHFWGTPWTF,IGH:TGTGCAAGAGATCCCTATGGTAACTTTTACTTTGACTACTGG;IGK:TGTCAACATTTTTGGGGTACTCCGTGGACGTTC
clonotype24,2,0.008888888888888889,IGH:CARSHFINYPMDYW;IGK:CQQSRKVPWTF,IGH:TGTGCAAGATCCCACTTTATTAACTATCCTATGGACTACTGG;IGK:TGTCAGCAAAGTAGGAAGGTTCCGTGGACGTTC
clonotype25,2,0.008888888888888889,IGH:CARRPAFYDVFWDYW;IGK:CQQGNMVPTF,IGH:TGTGCTAGAAGGCCCGCATTCTACGATGTTTTCTGGGACTACTGG;IGK:TGCCAACAGGGTAATATGGTTCCGACGTTC
clonotype26,2,0.008888888888888889,IGH:CARRPSFYGTFWDYW;IGK:CQQGYTLPTF,IGH:TGTGCTAGAAGGCCCTCTTTTTACGGTACTTTCTGGGACTACTGG;IGK:TGTCAACAGGGTTATACGCTTCCGACGTTC
clonotype27,2,0.008888888888888889,IGH:CARDYYGSSYWYFDVW;IGK:CAQFYSYPLTF,IGH:TGTGCAAGAGATTACTACGGTAGTAGCTACTGGTACTTCGATGTCTGG;IGK:TGTGCACAGTTTTACAGCTATCCGCTCACGTTC
clonotype28,1,0.0044444444444444444,IGK:CQPFKSWSLTF,IGK:TGTCAACCTTTCAAAAGTTGGTCACTCACGTTC
clonotype29,1,0.0044444444444444444,IGK:CQQGYTLPTF,IGK:TGCCAACAGGGTTATACGCTTCCGACGTTC
clonotype30,1,0.0044444444444444444,IGK:CQQDYSSPLTF,IGK:TGTCAGCAGGATTATAGCTCTCCGCTCACGTTC
clonotype31,1,0.0044444444444444444,IGK:CQQYWTTPYTF,IGK:TGTCAACAGTATTGGACTACTCCGTACACGTTC
clonotype32,1,0.0044444444444444444,IGK:CQQGQSYPYTF,IGK:TGTCAACAGGGTCAAAGTTATCCGTACACGTTC
clonotype33,1,0.0044444444444444444,IGK:CQQFWNTPWTF,IGK:TGTCAACAGTTTTGGAATACTCCGTGGACGTTC
clonotype34,1,0.0044444444444444444,IGK:CQHFWNTPWTF,IGK:TGTCAACATTTTTGGAATACTCCGTGGACGTTC
clonotype35,1,0.0044444444444444444,IGK:CQHFWVTPYTF,IGK:TGTCAACATTTTTGGGTTACTCCGTACACGTTC
clonotype36,1,0.0044444444444444444,IGK:CQNFWVTPYTF,IGK:TGTCAAAATTTTTGGGTTACTCCGTACACGTTC
clonotype37,1,0.0044444444444444444,IGK:CQHFWGTPFTF,IGK:TGTCAACATTTTTGGGGTACTCCATTCACGTTC
clonotype38,1,0.0044444444444444444,IGK:CQHFWTTPYTF,IGK:TGTCAACATTTTTGGACTACTCCGTACACGTTC
clonotype39,1,0.0044444444444444444,IGK:CQHHYGTPYTF,IGK:TGTCAACATCATTATGGTACTCCGTACACGTTC
clonotype40,1,0.0044444444444444444,IGK:CQHHYVIPPTF,IGK:TGTCAACATCACTATGTTATTCCTCCGACGTTC
clonotype41,1,0.0044444444444444444,IGK:CQHFWSSPWTF,IGK:TGTCAACATTTTTGGAGTTCTCCGTGGACGTTC
clonotype42,1,0.0044444444444444444,IGK:CQHFWSTPWTF,IGK:TGTCAACATTTTTGGAGTACTCCGTGGACGTTC
clonotype43,1,0.0044444444444444444,IGK:CQQGDTLPWTF,IGK:TGCCAGCAGGGTGATACGCTTCCGTGGACGTTC
clonotype44,1,0.0044444444444444444,IGK:CQRGDTLPWTF,IGK:TGCCAACGGGGTGATACGCTTCCGTGGACGTTC
clonotype45,1,0.0044444444444444444,IGK:CQQYSNLPWTF,IGK:TGTCAGCAATATAGTAACCTTCCGTGGACGTTC
clonotype46,1,0.0044444444444444444,IGK:CQQGDTLPWTF,IGK:TGCCAACAGGGTGATACACTTCCGTGGACGTTC
clonotype47,1,0.0044444444444444444,IGK:CQQYSKLPLTF,IGK:TGTCAGCAGTATAGTAAGCTTCCGCTCACGTTC
clonotype48,1,0.0044444444444444444,IGK:CQQYSSYPYTF,IGK:TGTCAGCAATATAGCAGCTATCCGTACACGTTC
clonotype49,1,0.0044444444444444444,IGK:CQQYSSYPFTF,IGK:TGTCAGCAATATAGCAGCTATCCATTCACGTTC
clonotype50,1,0.0044444444444444444,IGK:CQQYNSYPLTF,IGK:TGTCAGCAATATAACAGCTATCCGCTCACGTTC
clonotype51,1,0.0044444444444444444,IGK:CQQYNSYPYTF,IGK:TGTCAGCAATATAACAGCTATCCTTACACGTTC
clonotype52,1,0.0044444444444444444,IGK:CQQHYSTPYTF,IGK:TGTCAGCAACATTATAGTACTCCGTACACGTTC
clonotype53,1,0.0044444444444444444,IGK:CQQHYSPPYTF,IGK:TGTCAGCAACATTATAGTCCTCCGTACACGTTC
clonotype54,1,0.0044444444444444444,IGK:CQQHYSTPRTF,IGK:TGTCAGCAACATTATAGCACTCCTCGGACGTTC
clonotype55,1,0.0044444444444444444,IGK:CQQHYSIPWTF,IGK:TGTCAACAACATTATAGTATTCCGTGGACGTTC
clonotype56,1,0.0044444444444444444,IGK:CQQWSSNPLTF,IGK:TGCCAGCAGTGGAGTAGTAACCCGCTCACGTTC
clonotype57,1,0.0044444444444444444,IGK:CQQWTSNPPTF,IGK:TGCCAGCAGTGGACTAGTAACCCACCCACGTTC
clonotype58,1,0.0044444444444444444,IGL:CALWYSNHWVF,IGL:TGTGCTCTATGGTACAGCAACCATTGGGTGTTC
clonotype59,1,0.0044444444444444444,IGK:CQQTNSWPHFTF,IGK:TGTCAACAGACTAACAGTTGGCCTCATTTCACGTTC
clonotype60,1,0.0044444444444444444,IGK:CLQSDNMPYTF,IGK:TGTTTGCAAAGTGATAACATGCCGTACACGTTC
clonotype61,1,0.0044444444444444444,IGK:CLQYDEFPPTF,IGK:TGTCTACAGTATGATGAGTTTCCTCCCACGTTT
clonotype62,1,0.0044444444444444444,IGK:CLQYASSPYTF,IGK:TGTCTACAATATGCTAGTTCTCCGTACACGTTC
clonotype63,1,0.0044444444444444444,IGK:CLQYASSPLTF,IGK:TGTCTACAATATGCTAGTTCTCCGCTCACGTTC
clonotype64,1,0.0044444444444444444,IGK:CLQYASSPLTF,IGK:TGTCTACAATATGCTAGTTCTCCGCTCACGTTC
clonotype65,1,0.0044444444444444444,IGK:CLQYASYPYTF,IGK:TGTCTACAATATGCTAGTTATCCTTACACGTTC
clonotype66,1,0.0044444444444444444,IGK:CLQYATYPYTF,IGK:TGTCTACAATATGCTACTTATCCGTACACGTTC
clonotype67,1,0.0044444444444444444,IGK:CQQWSSYPPITF,IGK:TGCCAGCAGTGGAGTAGTTACCCACCCATCACGTTC
clonotype68,1,0.0044444444444444444,IGK:CQQWSSYPLTF,IGK:TGTCAACAGTGGAGTAGTTACCCACTCACGTTC
clonotype69,1,0.0044444444444444444,IGK:CSQSTHVPYTF,IGK:TGCTCTCAAAGTACACATGTTCCGTACACGTTC
clonotype70,1,0.0044444444444444444,IGK:CSQSTHVPWTF,IGK:TGCTCTCAAAGTACACATGTTCCGTGGACGTTC
clonotype71,1,0.0044444444444444444,IGK:CFQGSHVPPTF,IGK:TGCTTTCAAGGTTCACATGTTCCTCCCACGTTC
clonotype72,1,0.0044444444444444444,IGK:CFQGSHVPRTF,IGK:TGCTTTCAAGGTTCACATGTTCCTCGGACGTTC
clonotype73,1,0.0044444444444444444,IGK:CFQGSHVPFTF,IGK:TGCTTTCAAGGTTCACATGTTCCATTCACGTTC
clonotype74,1,0.0044444444444444444,IGK:CLQGSHVPRTF,IGK:TGCTTGCAAGGTTCACATGTTCCTCGGACGTTC
clonotype75,1,0.0044444444444444444,IGK:CFQGSHVPLTF,IGK:TGCTTTCAAGGTTCACATGTTCCGCTCACGTTC
clonotype76,1,0.0044444444444444444,IGK:CWQGTHLWTF,IGK:TGCTGGCAAGGTACACATTTGTGGACGTTC
clonotype77,1,0.0044444444444444444,IGK:CQQSNEDPRTF,IGK:TGTCAGCAAAGTAATGAGGATCCTCGGACGTTC
clonotype78,1,0.0044444444444444444,IGK:CQQNIEDPYTF,IGK:TGTCAGCAAAATATTGAGGATCCGTACACGTTC
clonotype79,1,0.0044444444444444444,IGH:CARNWDYW;IGK:CQQGNTLPPTF,IGH:TGTGCCAGAAACTGGGACTACTGG;IGK:TGCCAACAGGGTAATACGCTTCCTCCCACGTTC
clonotype80,1,0.0044444444444444444,IGK:CAQNLELPYTF,IGK:TGTGCTCAAAATCTAGAACTTCCGTACACGTTC
clonotype81,1,0.0044444444444444444,IGK:CHQYLSSYTF,IGK:TGTCATCAATACCTCTCCTCGTACACGTTC
clonotype82,1,0.0044444444444444444,IGH:CARDGNYYW;IGK:CQQRSSYPLTF,IGH:TGTGCCAGAGATGGTAACTACTACTGG;IGK:TGCCAGCAAAGGAGTAGTTACCCGCTCACGTTC
clonotype83,1,0.0044444444444444444,IGK:CQQHFSTPPAF,IGK:TGTCAGCAACATTTTAGCACTCCTCCGGCGTTC
clonotype84,1,0.0044444444444444444,IGK:CQNDHSYPLTF,IGK:TGTCAGAATGATCATAGTTATCCGCTCACGTTC
clonotype85,1,0.0044444444444444444,IGK:CQNDHSYPYTF,IGK:TGTCAGAATGATCATAGTTATCCTTACACGTTC
clonotype86,1,0.0044444444444444444,IGK:CQQYYSYPFTF,IGK:TGTCAGCAATATTATAGCTATCCATTCACGTTC
clonotype87,1,0.0044444444444444444,IGH:CKRSTADYW;IGK:CFQGSHVPRTF,IGH:TGTAAAAGATCTACGGCTGACTACTGG;IGK:TGCTTTCAAGGTTCACATGTTCCTCGGACGTTC
clonotype88,1,0.0044444444444444444,IGH:CTPYGSPVW;IGK:CMQHLEYPFTF,IGH:TGTACCCCGTACGGTAGTCCCGTCTGG;IGK:TGTATGCAACATCTAGAATATCCTTTCACGTTC
clonotype89,1,0.0044444444444444444,IGH:CASLWAWFAYW;IGL:CALWYSTHYVF,IGH:TGTGCCAGTCTATGGGCCTGGTTTGCTTACTGG;IGL:TGTGCTCTATGGTACAGCACCCATTATGTTTTC
clonotype90,1,0.0044444444444444444,IGH:CATTALFAYW;IGK:CWQGTHFHTF,IGH:TGTGCTACTACGGCCTTGTTTGCTTACTGG;IGK:TGCTGGCAAGGTACACATTTTCACACGTTC
clonotype91,1,0.0044444444444444444,IGH:CAKYGNYFDYW;IGK:CFQGSHVPPTF,IGH:TGTGCCAAATATGGTAACTACTTTGACTACTGG;IGK:TGCTTTCAAGGTTCACATGTTCCTCCGACGTTC
clonotype92,1,0.0044444444444444444,IGH:CATYYYAMDYW;IGK:CQQSNSWPTTF,IGH:TGTGCAACGTACTACTATGCTATGGACTACTGG;IGK:TGTCAACAAAGTAATAGCTGGCCAACCACGTTC
clonotype93,1,0.0044444444444444444,IGH:CARESDGYYDYW;IGK:CQQVNTLPWTF,IGH:TGTGCCAGAGAGTCTGATGGTTACTACGACTACTGG;IGK:TGCCAACAGGTTAATACGCTTCCGTGGACGTTC
clonotype94,1,0.0044444444444444444,IGH:CAWGRGDAMDYW;IGK:CQQYSGYPLTF,IGH:TGTGCATGGGGGAGGGGGGATGCTATGGACTACTGG;IGK:TGCCAGCAGTACAGTGGTTACCCACTCACGTTC
clonotype95,1,0.0044444444444444444,IGH:CKGYGDAMDYW;IGK:CFQGSHVPPTF,IGH:TGTAAGGGGTACGGGGATGCTATGGACTACTGG;IGK:TGCTTTCAAGGTTCACATGTTCCTCCGACGTTC
clonotype96,1,0.0044444444444444444,IGH:CARSDGVVGYW;IGK:CWQGTHFPLTF,IGH:TGTGCAAGATCAGATGGGGTAGTAGGCTACTGG;IGK:TGCTGGCAAGGTACACATTTTCCGCTCACGTTC
clonotype97,1,0.0044444444444444444,IGH:CASGYGVFDVW;IGK:CQQHYSAPYTF,IGH:TGTGCAAGTGGCTATGGTGTTTTCGATGTCTGG;IGK:TGTCAGCAACATTATAGCGCTCCGTACACGTTC
clonotype98,1,0.0044444444444444444,IGH:CARLEYYGLFASW;IGK:CLQSDNMPLMF;IGK:CQQWNYPLITF,IGH:TGTGCAAGACTAGAATACTACGGTTTGTTTGCTTCCTGG;IGK:TGTTTGCAAAGTGATAACATGCCTCTCATGTTC;IGK:TGCCAGCAGTGGAATTATCCTCTTATCACGTTC
clonotype99,1,0.0044444444444444444,IGH:CARGGYEAMDYW;IGK:CQQHYSTPWTF,IGH:TGTGCAAGAGGGGGGTACGAGGCTATGGACTACTGG;IGK:TGTCAGCAACATTATAGTACTCCGTGGACGTTC
clonotype100,1,0.0044444444444444444,IGH:CVRNGNYYFDYW;IGK:CQQGDTLPRTF,IGH:TGTGTAAGGAATGGTAATTACTACTTTGACTACTGG;IGK:TGCCAACAGGGTGATACGCTTCCTCGGACGTTC
clonotype101,1,0.0044444444444444444,IGH:CARNGNSYFDYW;IGK:CQQGDTLPRTF,IGH:TGTGCAAGGAATGGAAACTCCTATTTTGACTACTGG;IGK:TGCCAACAGGGTGATACGCTTCCTCGGACGTTC
clonotype102,1,0.0044444444444444444,IGH:CARGWLLSSMDYW;IGK:CQQHYSTPWTF,IGH:TGTGCCAGAGGATGGTTACTCTCGTCTATGGACTACTGG;IGK:TGTCAGCAACATTATAGTACTCCGTGGACGTTC
clonotype103,1,0.0044444444444444444,IGH:CARRYFYDMDYW;IGK:CQQYSSYPFTF,IGH:TGTGCTAGGAGGTATTTCTATGACATGGACTATTGG;IGK:TGTCAGCAATATAGCAGCTATCCATTCACGTTC
clonotype104,1,0.0044444444444444444,IGH:CAKRDGYLFAYW;IGK:CQQYSSYPFTF,IGH:TGTGCTAAAAGGGATGGTTACCTTTTTGCTTACTGG;IGK:TGTCAGCAATATAGCAGCTATCCATTCACGTTC
clonotype105,1,0.0044444444444444444,IGH:CARFSSYAMDYW;IGK:CQQGNTLPTWTF,IGH:TGTGCAAGATTCTCCTCTTATGCTATGGACTACTGG;IGK:TGCCAACAGGGTAATACGCTTCCCACGTGGACGTTC
clonotype106,1,0.0044444444444444444,IGH:CAREGVTTYDYW;IGK:CLQYASSWTF,IGH:TGTGCAAGAGAGGGGGTTACTACGTATGACTACTGG;IGK:TGTCTACAATATGCTAGTTCGTGGACGTTC
clonotype107,1,0.0044444444444444444,IGH:CGRAGYYAMDYW;IGK:CLQYASSPWTF,IGH:TGTGGAAGAGCTGGTTACTACGCTATGGACTACTGG;IGK:TGTCTACAATATGCTAGTTCTCCGTGGACGTTC
clonotype108,1,0.0044444444444444444,IGH:CARKDGGYFDYW;IGK:CQQYSGYPLTF,IGH:TGTGCAAGAAAGGACGGAGGCTACTTTGACTACTGG;IGK:TGCCAGCAGTACAGTGGTTACCCACTCACGTTC
clonotype109,1,0.0044444444444444444,IGH:CARYRYDYFDYW;IGK:CFQGSHVPYTF,IGH:TGTGCAAGATATAGGTACGACTACTTTGACTACTGG;IGK:TGCTTTCAAGGTTCACATGTTCCGTACACGTTC
clonotype110,1,0.0044444444444444444,IGH:CARIYWYFDVW;IGK:CQHSRELPYTF,IGH:TGTGCTCGAATCTACTGGTACTTCGATGTCTGG;IGK:TGTCAACACAGTAGGGAGCTTCCGTACACGTTC
clonotype111,1,0.0044444444444444444,IGH:CAKGYDGAMDYW;IGK:CLQVTHVPLTF,IGH:TGTGCTAAAGGGTACGACGGGGCTATGGACTACTGG;IGK:TGCCTCCAAGTTACACATGTCCCGCTCACGTTC
clonotype112,1,0.0044444444444444444,IGH:CGRRGAYSFDYW;IGK:CFQGSHVPWTF,IGH:TGTGGAAGACGGGGGGCCTACTCCTTTGACTACTGG;IGK:TGCTTTCAAGGTTCACATGTTCCGTGGACGTTC
clonotype113,1,0.0044444444444444444,IGH:CTPPLLYDYW;IGK:CQQNNEDPFTF,IGH:TGTACTCCTCCCTTACTATATGACTACTGG;IGK:TGTCAGCAAAATAATGAGGATCCATTCACGTTC
clonotype114,1,0.0044444444444444444,IGH:CAKKKSYAMDYW;IGK:CAQNLELPWTF,IGH:TGTGCAAAAAAAAAGAGCTATGCTATGGACTACTGG;IGK:TGTGCTCAAAATCTAGAACTTCCGTGGACGTTC
clonotype115,1,0.0044444444444444444,IGH:CARRGDGYRFAYW;IGK:CQNDYSFPFTF,IGH:TGTGCAAGACGCGGGGATGGTTACCGGTTTGCTTACTGG;IGK:TGTCAGAATGATTATAGTTTTCCATTCACGTTC
clonotype116,1,0.0044444444444444444,IGH:CAKGYYGSSSTW;IGK:CQQHYSTPLTF,IGH:TGTGCCAAGGGTTACTACGGTAGTAGCTCCACCTGG;IGK:TGTCAGCAACATTATAGCACTCCGCTCACGTTC
clonotype117,1,0.0044444444444444444,IGH:CTRGGTSWYFDVW;IGK:CQQWNYPLITF,IGH:TGTACAAGAGGGGGGACGTCATGGTACTTCGATGTCTGG;IGK:TGCCAGCAGTGGAATTATCCTCTTATCACGTTC
clonotype118,1,0.0044444444444444444,IGH:CARSGRQRAMDYW;IGK:CQQGNTLPWTF,IGH:TGTGCAAGATCGGGCCGGCAGAGGGCTATGGACTACTGG;IGK:TGCCAACAGGGTAATACGCTTCCGTGGACGTTC
clonotype119,1,0.0044444444444444444,IGH:CARRTMITTLDYW;IGK:CQQGDTLPWTF,IGH:TGTGCAAGAAGGACTATGATTACGACCCTTGACTACTGG;IGK:TGCCAACAGGGTGATACGCTTCCGTGGACGTTC
clonotype120,1,0.0044444444444444444,IGH:CSRRGNLSWFSYW;IGK:CQHFWTTPYTF,IGH:TGTTCAAGGCGGGGTAACCTCTCCTGGTTTTCTTACTGG;IGK:TGTCAACATTTTTGGACTACTCCGTACACGTTC
clonotype121,1,0.0044444444444444444,IGH:CARKYGNYYAMDYW;IGK:CGQSYSYPFTF,IGH:TGTGCCAGAAAATATGGTAACTACTATGCTATGGACTACTGG;IGK:TGTGGACAGAGTTACAGCTATCCATTCACGTTC
clonotype122,1,0.0044444444444444444,IGH:CARRAWDVALDYW;IGK:CQHFWSSPWTF,IGH:TGTGCTAGAAGAGCATGGGACGTGGCTCTGGACTACTGG;IGK:TGTCAACATTTTTGGAGTTCTCCGTGGACGTTC
clonotype123,1,0.0044444444444444444,IGH:CARRYWAVALDYW;IGK:CQHFWGTPWTF,IGH:TGTGCTAGAAGATATTGGGCCGTGGCTCTGGACTACTGG;IGK:TGTCAACATTTTTGGGGTACTCCGTGGACGTTC
clonotype124,1,0.0044444444444444444,IGH:CARRGWDVALDYW;IGK:CQHFWVSPWTF;IGK:CQQHYSTPRTF,IGH:TGTGCTAGAAGAGGGTGGGACGTGGCTCTGGACTACTGG;IGK:TGTCAGCATTTTTGGGTTTCGCCGTGGACGTTC;IGK:TGTCAGCAACATTATAGCACTCCTCGGACGTTC
clonotype125,1,0.0044444444444444444,IGH:CGRRMWDVGLDYW;IGK:CQHFWGSPWTF,IGH:TGTGGTAGAAGAATGTGGGACGTGGGTCTGGACTACTGG;IGK:TGTCAACATTTTTGGGGTTCTCCGTGGACGTTC
clonotype126,1,0.0044444444444444444,IGH:CMRYGSSWYFDVW;IGK:CLQHGESPYTF,IGH:TGTATGAGATACGGTAGTAGCTGGTACTTCGATGTCTGG;IGK:TGTCTACAGCATGGTGAGAGCCCGTACACGTTC
clonotype127,1,0.0044444444444444444,IGH:CMRYGNYWYFDVW;IGK:CLQHGESPFTF,IGH:TGTATGAGATATGGTAACTACTGGTACTTCGATGTCTGG;IGK:TGTCTACAGCATGGTGAGAGCCCATTCACGTTC
clonotype128,1,0.0044444444444444444,IGH:CARRGYGYWYFDVW;IGK:CLQRNAFPLTF,IGH:TGTGCACGACGGGGCTACGGCTACTGGTACTTCGATGTCTGG;IGK:TGTCTACAGCGTAATGCGTTTCCGCTCACGTTC
clonotype129,1,0.0044444444444444444,IGH:CTMYGNPPWFAYW;IGK:CFQGSHVPFTF;IGK:CLHYAKSPWTF,IGH:TGTACTATGTATGGTAACCCGCCCTGGTTTGCTTACTGG;IGK:TGCTTTCAAGGTTCACATGTTCCATTCACGTTC;IGK:TGTCTACACTATGCTAAGTCTCCGTGGACGTTC
clonotype130,1,0.0044444444444444444,IGH:CAKGREYYYAMDYW;IGK:CQQNNEDPPTF,IGH:TGTGCCAAAGGGAGGGAATATTACTATGCTATGGACTACTGG;IGK:TGTCAGCAAAATAATGAGGATCCTCCGACGTTC
clonotype131,1,0.0044444444444444444,IGH:CTRGGWVYAMDYW;IGK:CQQYSSYPYTF,IGH:TGTACAAGAGGAGGTTGGGTCTATGCTATGGACTACTGG;IGK:TGCCAGCAATATAGCAGCTATCCGTACACGTTC
clonotype132,1,0.0044444444444444444,IGH:CARFHYGNYDFDYW;IGK:CLQGTHQPPTF,IGH:TGTGCAAGATTCCACTATGGTAACTACGACTTTGACTACTGG;IGK:TGCTTACAAGGTACACATCAGCCTCCGACGTTC
clonotype133,1,0.0044444444444444444,IGH:CVGLLWHGGFAYW;IGK:CWQGTHFPQTF,IGH:TGTGTGGGGCTACTTTGGCACGGGGGATTTGCTTACTGG;IGK:TGCTGGCAAGGTACACATTTTCCTCAGACGTTC
clonotype134,1,0.0044444444444444444,IGH:CAKSSYFRYFDYW;IGK:CHQYLSSYTF,IGH:TGTGCAAAATCGAGTTACTTTAGGTACTTTGACTACTGG;IGK:TGTCATCAATACCTCTCCTCGTACACGTTC
clonotype135,1,0.0044444444444444444,IGH:CTRGDYYGSMAYW;IGK:CQQHYSTPRTF,IGH:TGTACAAGAGGAGATTACTACGGCTCCATGGCCTACTGG;IGK:TGTCAGCAACATTATAGCACTCCTCGGACGTTC
clonotype136,1,0.0044444444444444444,IGH:CARPYGNLWAMDYW;IGK:CQQYSKLPWTF,IGH:TGTGCAAGGCCTTATGGTAACCTCTGGGCTATGGACTACTGG;IGK:TGTCAGCAGTATAGTAAGCTTCCGTGGACGTTC
clonotype137,1,0.0044444444444444444,IGH:CASRGLEEGWFAYW;IGK:CQHFWGTPPTF,IGH:TGTGCAAGCCGGGGGCTGGAGGAGGGCTGGTTTGCTTACTGG;IGK:TGTCAACATTTTTGGGGTACTCCTCCGACGTTC
clonotype138,1,0.0044444444444444444,IGH:CARWTTATGWFAYW;IGK:CQQGNMLPPTF,IGH:TGTGCAAGATGGACTACGGCTACGGGCTGGTTTGCTTACTGG;IGK:TGCCAACAGGGTAATATGCTTCCTCCCACGTTC
clonotype139,1,0.0044444444444444444,IGH:CARGETSGYRFAYW;IGK:CQQADTLPWTF,IGH:TGTGCAAGAGGAGAGACCTCGGGCTACCGGTTTGCTTACTGG;IGK:TGCCAACAGGCTGATACGCTTCCGTGGACGTTC
clonotype140,1,0.0044444444444444444,IGH:CAKTSTGPDWYFDVW;IGK:CQQGQSYPWTF,IGH:TGTGCCAAAACTTCGACTGGGCCAGACTGGTACTTCGATGTCTGG;IGK:TGTCAACAGGGTCAAAGTTATCCGTGGACGTTC
clonotype141,1,0.0044444444444444444,IGH:CARRGIYYYAMDYW;IGK:CQHFWGSSLTF;IGK:CQQDYSSPWTF,IGH:TGTGCTAGAAGGGGGATCTATTACTATGCTATGGACTACTGG;IGK:TGTCAACATTTTTGGGGTTCTTCGCTCACGTTC;IGK:TGTCAGCAGGATTATAGCTCTCCGTGGACGTTC
clonotype142,1,0.0044444444444444444,IGH:CVRNYGGSLYFDYW;IGK:CQQGNTLPFTF,IGH:TGTGTAAGAAACTACGGTGGTAGTCTATACTTTGACTACTGG;IGK:TGCCAACAGGGTAATACGCTTCCATTCACGTTC
clonotype143,1,0.0044444444444444444,IGH:CSRLGYGAMDYW;IGK:CQHFWGTPWTF,IGH:TGTTCCAGGCTTGGTTACGGGGCTATGGACTACTGG;IGK:TGTCAACATTTTTGGGGTACTCCGTGGACGTTC
clonotype144,1,0.0044444444444444444,IGH:CARAHYYGSSLSYW;IGK:CHQRSSYPWTF,IGH:TGTGCAAGAGCGCATTACTACGGTAGTAGCCTTTCTTACTGG;IGK:TGCCATCAGCGGAGTAGTTACCCATGGACGTTC
clonotype145,1,0.0044444444444444444,IGH:CARVTGTGYAMDYW;IGK:CLQHGESPYTF;IGK:CQQGSSIPRTF,IGH:TGTGCAAGGGTAACTGGGACGGGGTATGCTATGGACTACTGG;IGK:TGTCTACAGCATGGTGAGAGCCCGTACACGTTC;IGK:TGCCAGCAGGGTAGTAGTATACCACGCACGTTC
clonotype146,1,0.0044444444444444444,IGH:CARHYGSSYWYFDVW;IGK:CQQWSSYPLTF,IGH:TGTGCCAGACATTACGGTAGTAGCTACTGGTACTTCGATGTCTGG;IGK:TGTCAACAGTGGAGTAGTTACCCACTCACGTTC
clonotype147,1,0.0044444444444444444,IGH:CAREGYGSSWFAHW;IGK:CFQGSHVPWTF,IGH:TGTGCAAGAGAAGGCTACGGTAGTTCCTGGTTTGCTCACTGG;IGK:TGCTTTCAAGGTTCACATGTTCCGTGGACGTTC
clonotype148,1,0.0044444444444444444,IGH:CARNWDGGYAMDYW;IGK:CQHSRELPYTF,IGH:TGTGCAAGGAACTGGGACGGGGGCTATGCTATGGACTACTGG;IGK:TGTCAGCACAGTAGGGAGCTTCCGTACACGTTC
clonotype149,1,0.0044444444444444444,IGH:CARDDWDYAMDYW,IGH:TGTGCAAGAGATGACTGGGACTATGCTATGGACTACTGG
clonotype150,1,0.0044444444444444444,IGH:CARHYYGSSWYFDVW;IGK:CLQYDNLLWTF,IGH:TGTGCAAGACATTACTACGGTAGTAGCTGGTACTTCGATGTCTGG;IGK:TGTCTACAGTATGATAATCTTCTGTGGACGTTC
clonotype151,1,0.0044444444444444444,IGH:CARRDGNYGGAMDYW;IGK:CQQGNTLPPTF,IGH:TGTGCTAGAAGGGATGGTAACTACGGGGGGGCTATGGACTACTGG;IGK:TGCCAACAGGGTAATACGCTTCCTCCGACGTTC
clonotype152,1,0.0044444444444444444,IGH:CSRMSYDYFAWFPYW;IGK:CQQWSSNPLTF,IGH:TGTTCAAGAATGAGTTATGATTACTTCGCCTGGTTTCCTTACTGG;IGK:TGCCAACAGTGGAGTAGTAACCCGCTCACGTTC
clonotype153,1,0.0044444444444444444,IGH:CAKHGYGSSRSYFDYW;IGK:CQQWSSNPPTF,IGH:TGTGCCAAACACGGCTACGGTAGTAGCAGGTCCTACTTTGACTACTGG;IGK:TGCCAGCAGTGGAGTAGTAACCCACCCACGTTC
clonotype154,1,0.0044444444444444444,IGH:CNAPYGYDEGNFDYW;IGK:CYQGSYVPRTF,IGH:TGTAATGCCCCCTATGGTTACGACGAGGGTAACTTTGACTACTGG;IGK:TGCTATCAAGGTTCATATGTTCCTCGGACGTTC
clonotype155,1,0.0044444444444444444,IGH:CNPIYYGNYRDMDYW;IGK:CFQGSHVPRTF,IGH:TGTAATCCTATCTACTATGGTAACTACAGGGATATGGACTACTGG;IGK:TGCTTTCAAGGTTCACATGTTCCTCGGACGTTC
clonotype156,1,0.0044444444444444444,IGH:CARDIEGVPFAYW;IGK:CQQSNEDPRTF;IGK:CSQSTHVPGTF,IGH:TGTGCAAGAGATATAGAAGGGGTACCTTTTGCTTACTGG;IGK:TGTCAGCAAAGTAATGAGGATCCTCGGACGTTC;IGK:TGCTCTCAAAGTACACATGTTCCTGGGACGTTC
clonotype157,1,0.0044444444444444444,IGH:CARGRGYDPAWFAYW;IGK:CFQGSHVPRTF,IGH:TGTGCAAGGGGGAGGGGTTACGACCCGGCCTGGTTTGCTTACTGG;IGK:TGCTTTCAAGGTTCACATGTTCCTCGGACGTTC
clonotype158,1,0.0044444444444444444,IGH:CARHDYGSSSFAMDYW;IGK:CQQYSSYPYTF,IGH:TGTGCCAGACATGACTACGGTAGTAGCTCCTTCGCTATGGACTACTGG;IGK:TGCCAGCAATATAGCAGCTATCCGTACACGTTC
clonotype159,1,0.0044444444444444444,IGH:CVRDYYGDRAMDYW;IGK:CGQSYSYPFTF;IGK:CQQFTGSPSTF,IGH:TGTGTGAGGGATTACTACGGCGACCGTGCTATGGACTACTGG;IGK:TGTGGACAGAGTTACAGCTATCCATTCACGTTC;IGK:TGCCAGCAGTTTACTGGTTCCCCATCCACGTTC
clonotype160,1,0.0044444444444444444,IGH:CVRAYYGNYGFAYW;IGK:CQQGQSYPLTF;IGK:CQQYSGYPSTF,IGH:TGTGTGAGGGCCTACTATGGTAACTACGGGTTTGCTTACTGG;IGK:TGTCAACAGGGTCAAAGTTATCCTCTCACGTTC;IGK:TGCCAGCAGTACAGTGGTTACCCATCCACGTTC
clonotype161,1,0.0044444444444444444,IGH:CARSNSLLRLRCPGYW;IGK:CQQHYSTPFTF,IGH:TGTGCAAGATCTAATTCATTACTACGGCTACGATGCCCTGGCTACTGG;IGK:TGTCAGCAACATTATAGCACTCCATTCACGTTC
clonotype162,1,0.0044444444444444444,IGH:CARYGSSLYYYAMDYW;IGK:CQHHYGTPWTF,IGH:TGTGCAAGATACGGTAGTAGCTTATATTACTATGCTATGGACTACTGG;IGK:TGTCAACATCATTATGGTACTCCGTGGACGTTC
clonotype163,1,0.0044444444444444444,IGH:CTKGNYGNYIRHFDSW;IGK:CQQGTTLPWTF,IGH:TGTACAAAAGGAAACTATGGTAACTACATACGGCATTTTGACTCCTGG;IGK:TGCCAACAGGGTACTACGCTTCCCTGGACGTTC
clonotype164,1,0.0044444444444444444,IGH:CAKFVTTVVVPSLDFW;IGK:CQQHYSTPYTF,IGH:TGTGCAAAGTTTGTTACAACGGTTGTAGTTCCCAGTTTGGACTTCTGG;IGK:TGTCAGCAACATTATAGCACTCCGTACACGTTC
clonotype165,1,0.0044444444444444444,IGH:CARLYYGSSYWYFDVW;IGK:CQQRSGYPYTF,IGH:TGTGCAAGACTTTACTACGGTAGTAGCTACTGGTACTTCGATGTCTGG;IGK:TGCCAGCAAAGGAGTGGTTACCCGTACACGTTC
clonotype166,1,0.0044444444444444444,IGH:CARHEDPGGYHYAMDYW,IGH:TGTGCAAGACACGAAGATCCTGGGGGTTATCACTATGCTATGGACTACTGG
clonotype167,1,0.0044444444444444444,IGH:CARIYYYGSSWYFDVW,IGH:TGTGCTCGAATTTATTACTACGGTAGTAGCTGGTACTTCGATGTCTGG
clonotype168,1,0.0044444444444444444,IGH:CAREAYGNYGVYAMDYW;IGK:CQHFWGTPYTF,IGH:TGTGCAAGAGAGGCCTATGGTAACTACGGGGTCTATGCTATGGACTACTGG;IGK:TGTCAACATTTTTGGGGTACTCCGTACACGTTC
clonotype169,1,0.0044444444444444444,IGH:CVRHDYYGSSYFDYW;IGK:CFQGSHVPRTF;IGK:CQNGHSFPFTF,IGH:TGTGTGAGACATGATTACTACGGTAGTAGCTACTTTGACTACTGG;IGK:TGCTTTCAAGGTTCACATGTTCCTCGGACGTTC;IGK:TGTCAAAATGGTCACAGCTTTCCATTCACGTTC
clonotype170,1,0.0044444444444444444,IGH:CVRHDYYGSSYFDYW;IGK:CQNGHSFPHTF,IGH:TGTGTGAGACATGATTACTACGGTAGTAGCTACTTTGACTACTGG;IGK:TGTCAAAATGGTCACAGCTTTCCTCACACGTTC
clonotype171,1,0.0044444444444444444,IGH:CASRSGSEDYGYYFDYW;IGK:CQNGHSFPWTF,IGH:TGTGCAAGTCGATCGGGTTCCGAGGACTACGGCTACTACTTTGACTACTGG;IGK:TGTCAAAATGGTCACAGCTTTCCGTGGACGTTC
clonotype172,1,0.0044444444444444444,IGH:CARKGPFTTVWYFDVW;IGL:CALWYSNHWVF,IGH:TGTGCTCGAAAAGGGCCATTTACTACGGTCTGGTACTTCGATGTCTGG;IGL:TGTGCTCTATGGTACAGCAACCATTGGGTGTTC
clonotype173,1,0.0044444444444444444,IGH:CNAHYYGSSYDYAMDYW;IGK:CQQSNEDPRTF,IGH:TGTAATGCCCATTACTACGGTAGCAGTTACGACTATGCTATGGACTACTGG;IGK:TGTCAGCAAAGTAATGAGGATCCTCGGACGTTC
clonotype174,1,0.0044444444444444444,IGH:CNAWGDYDGGVYVVDYW;IGK:CFQGSHVPRTF,IGH:TGTAATGCATGGGGGGATTACGACGGGGGGGTCTATGTTGTGGACTACTGG;IGK:TGCTTTCAAGGTTCACATGTTCCTCGGACGTTC
clonotype175,1,0.0044444444444444444,IGH:CARNSPYYRYDDWYFDVW;IGK:CFQGSHVPFTF,IGH:TGTGCCAGAAATTCTCCCTACTATAGGTACGACGACTGGTACTTCGATGTCTGG;IGK:TGCTTTCAAGGTTCACATGTTCCATTCACGTTC
clonotype176,1,0.0044444444444444444,IGH:CARGVNWDGTSPYYFDYW;IGK:CLQGTHQPLTF,IGH:TGTGCAAGAGGGGTTAACTGGGACGGGACCTCTCCCTACTACTTTGACTACTGG;IGK:TGCTTACAAGGTACACATCAGCCGCTCACGTTC
clonotype177,1,0.0044444444444444444,IGH:CARHEEEGARATWAMDYW;IGK:CLQYDNLLYTF;IGK:CWQGTHFPWTF,IGH:TGTGCAAGACACGAAGAAGAGGGAGCTCGGGCTACGTGGGCTATGGACTACTGG;IGK:TGTCTACAGTATGATAATCTTCTGTACACGTTC;IGK:TGCTGGCAAGGTACACATTTTCCGTGGACGTTC
clonotype178,1,0.0044444444444444444,IGH:CARWIYYYGSSYAWFAYW;IGK:CQQYNSYPYTF,IGH:TGTGCAAGATGGATTTATTACTACGGTAGTAGCTACGCCTGGTTTGCTTACTGG;IGK:TGTCAGCAATATAACAGCTATCCGTACACGTTC
clonotype179,1,0.0044444444444444444,IGH:CARWIYYYGSNYAWFAYW;IGK:CQQYNTYPCTF,IGH:TGTGCAAGATGGATTTATTACTACGGTAGTAATTATGCCTGGTTTGCTTACTGG;IGK:TGTCAGCAATATAACACCTATCCGTGCACGTTC
clonotype180,1,0.0044444444444444444,IGH:CVRHNYGYDGYAMDYW;IGK:CQQNNEDPRTF,IGH:TGTGTGAGACATAACTATGGTTACGACGGCTATGCTATGGACTACTGG;IGK:TGTCAGCAAAATAATGAGGATCCTCGGACGTTC
clonotype181,1,0.0044444444444444444,IGH:CARREGQIYYGNHGAMDYW;IGK:CQQSKEVPWTF,IGH:TGTGCAAGACGAGAAGGTCAAATCTACTATGGTAACCACGGGGCTATGGACTACTGG;IGK:TGTCAGCAAAGTAAGGAGGTTCCGTGGACGTTC
clonotype182,1,0.0044444444444444444,IGH:CASGYYAMDYW;IGK:CQQWSSYPLTF,IGH:TGTGCAAGTGGTTACTATGCTATGGACTACTGG;IGK:TGCCAGCAGTGGAGTAGTTACCCGCTCACGTTC
clonotype183,1,0.0044444444444444444,IGH:CARGPHYGPMDCW,IGH:TGTGCAAGAGGCCCTCACTATGGTCCTATGGACTGCTGG
clonotype184,1,0.0044444444444444444,IGH:CTRDDGGNYYFDYW;IGK:CQQSNSWPTTF,IGH:TGTACAAGAGATGACGGGGGTAACTACTACTTTGACTACTGG;IGK:TGTCAACAAAGTAATAGCTGGCCAACCACGTTC
